FORNECEDOR;PRODUTO
ALL COMMODITIES TRADING LTDA;GRAO DE MOSTARDA AMARELA
ALL COMMODITIES TRADING LTDA;GRAO DE MOSTARDA HOLANDESA
ANILTON MACHADO;CEBOLA IN NATURA
AP  TRANSPORTES   E  SERVI«OS;PEPINO
A«UCAREIRA ENERGY LTDA;A«⁄CAR CRISTAL
A«UCAREIRA ENERGY LTDA;A«⁄CAR REFINADO
BUNGE ALIMENTOS S/A;OLEO DE SOJA
BUSCHLE & LEPPER S.A;ACIDO CLORÕDRICO PA
BUSCHLE & LEPPER S.A;CLORETO DE CALCIO EM PO
BUSCHLE & LEPPER S.A;HIPOCLORITO DE S”DIO
BUSCHLE & LEPPER S.A;POLICLORETO DE ALUMINIO
BUSCHLE & LEPPER S.A;SODA CAUSTICA LIQUIDA
CARGILL AGRICOLA S A;GLUCOSE DE MILHO
CARGILL AGRICOLA S A;OLEO DE SOJA
CARRARO LTDA;PEPINO
DALASTRA TRANSPORTE LTDA;ACESSULFAME-K JINHE 25KG
DALASTRA TRANSPORTE LTDA;ACIDO LATICO
DALASTRA TRANSPORTE LTDA;AMIDO MIRA THIK
DALASTRA TRANSPORTE LTDA;CEBOLA TOSTADA EM PO
DALASTRA TRANSPORTE LTDA;COMINHO
DALASTRA TRANSPORTE LTDA;FLV TURMERIC OLEORESIN
DALASTRA TRANSPORTE LTDA;FOLHA DE LOURO
DALASTRA TRANSPORTE LTDA;INNOGUM HZ-17
DALASTRA TRANSPORTE LTDA;NOZ MOSCADA PO
DALASTRA TRANSPORTE LTDA;PALLETS DE MADEIRA (PBR)
DALASTRA TRANSPORTE LTDA;POLPA DE TOMATE
DALASTRA TRANSPORTE LTDA;SORBATO DE POTASSIO
DALASTRA TRANSPORTE LTDA;SUCO DE LIMAO
DALASTRA TRANSPORTE LTDA;TAMPA METALICA 74MM PEPINO BURGUER
DAXIA DOCE AROMA INDUSTRIA E COMERC;EDTA DISSODICO
DUAS RODAS INDUSTRIA LTDA;AROMA IDENTICO AO NATURAL DE M
DUAS RODAS INDUSTRIA LTDA;AROMA NATURAL DE ENDRO
DUAS RODAS INDUSTRIA LTDA;AROMA NATURAL DE KATCHUP
FUCHS GEWURZE;SACOS PE. 60 X 110 X 0,10
FUTURA INDUSTRIA DE ARTEFATOS PLAST;FILME TRANSPARENTE 180X0,070 E
FUTURA INDUSTRIA DE ARTEFATOS PLAST;FILME TRANSPARENTE 180X0,70 E
G COLETAS;ATERRO
G COLETAS;DESCARTE
GUANAPACK INDUSTRIA DE EMPALAGENS;FILME TRANSPARENTE 180X0,070 E
GUANAPACK INDUSTRIA DE EMPALAGENS;ROLO DE FILME STRTCH 500X25 C/TUB
GUANAPACK INDUSTRIA DE EMPALAGENS;ROLO DE FILME STRTCH 50X25
HEINIG IND. VINAGRE E PLASTICOS;VINAGRE DE ALCOOL
HEINZ BRASIL;PEPINO
HEINZ BRASIL;POLPA DE TOMATE
HEINZ BRASIL;SACOS PE. 60 X 110 X 0,10
INDUSTRIA E COMERCIO DE ALIMENTOS KAMMER;MELADO DE CANA TIPO 1
INGREDION BRASIL INGRED IND LTDA;CRN STR 25 KG MODIFICADO
INGREDION BRASIL INGRED IND LTDA;INSTANT CLEARJEL
KLABIN;CAIXA PAPELAO 12 X 1KG (MAIONE
KLABIN;CAIXA PAPELAO 24 X 200G (MAION
MOACIR   ZECZKOWSKI   ME;PEPINO
OHS COMERCIO ATACADISTA DE CAVACOS;CAVACO
P R NETTO IND E COMER DE DE ALIMENTOS;EGG PRD 20KG EGG YOLK ENZYME DEHYD PDR
P R NETTO IND E COMER DE DE ALIMENTOS;GEMA DE OVO DESIDRATADA
PLASNOX;BISNAGA PET 1 KG 58 GR AMARELA
PLASNOX;BISNAGA PET 1KG 58GR CRISTAL K
PLASNOX;BISNAGA PET 300 GR AMARELO
PLASNOX;BISNAGA PET 700 G AMARELO 44GR
PLASNOX;BISNAGA PET 700 G CRISTAL 44 G
PLASNOX;BISNAGAS PET 300 GR CRISTAL
PLASNOX;GARRAFA BISNAGA 3,600 G 86 GR
PLASNOX;GARRAFA BISNAGA 3,600G 86G MOS
PLASNOX;GARRAFA BISNAGA 320GR CRISTAL PET
PLASNOX;TAMPAS LONG NECK PET AZUL HEMM
PLASNOX;TAMPAS LONG NECK PET BRANCA HE
PLASTIPAK   PACKAGING DO BRASIL LTDA;FRASCO MAIONESE QUERO 500G
PLASTIPAK   PACKAGING DO BRASIL LTDA;POTE  PET  500 ML  INCOLOR  18 G
POLI-SOPRO;BISNAGA PET 1 KG 58 GR AMARELA
POLI-SOPRO;BISNAGA PET 1KG 58GR CRISTAL K
POLI-SOPRO;BISNAGAS PET 200 GR AMARELO
POLI-SOPRO;BISNAGAS PET 200 GR CRISTAL
PR NETTO;EGG PRD 20KG EGG YOLK ENZYME DEHYD PDR
PR NETTO;GEMA DE OVO DESIDRATADA
PREMIUMPLASTIC EMBALAGENS LTDA;FRASCO MAIONESE QUERO 500G
PREMIUMPLASTIC EMBALAGENS LTDA;POTE  PET  500 ML  INCOLOR  18 G
PREMIUMPLASTIC EMBALAGENS LTDA;POTE PET 500 ML INCOLOR 18 GR
PREMIUMPLASTIC EMBALAGENS LTDA;TAMPA HEMMER LONG NECK 28MM FLIP-TOP RC BRANCA
PREMIUMPLASTIC EMBALAGENS LTDA;TAMPAS LONG NECK PET AZUL HEMM
PREMIUMPLASTIC EMBALAGENS LTDA;TAMPAS LONG NECK PET BRANCA HE
PREMIUMPLASTIC EMBALAGENS LTDA;TAMPAS LONG NECK PET VERMELHA
REFISA INDUSTRIA E COMERCIO LTDA;SAL REF GROSSO
REFISA INDUSTRIA E COMERCIO LTDA;SAL REFINADO
RIGOR LOGISTICA LTDA;PEPINO
ROSEV AGRO LTDA;PEPINO
SHINODA ALIMENTOS LTDA;EGG PRD 20KG EGG YOLK ENZYME DEHYD PDR
SUPER GAS BRAS;GLP
SUPER GAS BRAS;GLP GAS
TREVISO TRANSPORTES LTDA;PEPINO
USINA ALTO ALEGRE S.A;A«⁄CAR REFINADO
VIBRA ENERGIA SA;OLEO DISEL
WESTROCK, CELULOSE, PAPEL E EMBALAGENS LTDA;CAIXA PAPELAO
WESTROCK, CELULOSE, PAPEL E EMBALAGENS LTDA;CAIXA PAPELAO 12 X 1KG (MAIONE
WESTROCK, CELULOSE, PAPEL E EMBALAGENS LTDA;CAIXA PAPELAO 12 X 440 (PEPINO
WESTROCK, CELULOSE, PAPEL E EMBALAGENS LTDA;CAIXA PAPELAO 12 X 700 (BISNAGAS
WESTROCK, CELULOSE, PAPEL E EMBALAGENS LTDA;CAIXA PAPELAO 15 X 300 (BARRIL
WESTROCK, CELULOSE, PAPEL E EMBALAGENS LTDA;CAIXA PAPELAO 15 X 300 (MOSTAR
WESTROCK, CELULOSE, PAPEL E EMBALAGENS LTDA;CAIXA PAPELAO 15VD BERLIM PEPINO
WESTROCK, CELULOSE, PAPEL E EMBALAGENS LTDA;CAIXA PAPELAO 16 X 700G (MAION
WESTROCK, CELULOSE, PAPEL E EMBALAGENS LTDA;CAIXA PAPELAO GENERICA BISNAGA 12X1000
WESTROCK, CELULOSE, PAPEL E EMBALAGENS LTDA;CAIXA PAPELAO GENERICA BISNAGA 25X300G
WESTROCK, CELULOSE, PAPEL E EMBALAGENS LTDA;CAIXA PAPELAO MAIONESE HEMMER 7G (NOVA F
WESTROCK, CELULOSE, PAPEL E EMBALAGENS LTDA;CX HEMMER NOVA ID KETCHUP MS 7G/190
WESTROCK, CELULOSE, PAPEL E EMBALAGENS LTDA;CX HEMMER NOVA ID MOSTARDA MS 7G/190
WESTROCK, CELULOSE, PAPEL E EMBALAGENS LTDA;CXPAPELAO 04X3.600 (MOSTARDA H
ZARAPLAST S.A;FILME MAIONESE POUCH 1KG
ZARAPLAST S.A;FILME MAIONESE POUCH 200G
ZARAPLAST S.A;FILME PET KETCHUP 7 G
ZARAPLAST S.A;FILME PET KETCHUP HEMMER 7G
ZARAPLAST S.A;FILME PET MAIONESE HEMMER 7G
